, readtime ,kwh,kwh_usage,rkwh,rkwh usage,kvarh,kvarh usage,kvah,kvah usage,volts a,volts b,volts c,current angle deg a,current angle deg b,current angle deg c,pkw,pkvar,pkva,amps a,amps b,amps c,temperature
1,6/1/2026,54572.3715kWh,1.04kWh,0kWh,0kWh,-,-,-,-,-,-,-,-,-,-,5.459kW,-,-,-,-,-,-
2,6/1/2026 1:00:00 AM,54573.41kWh,1.0385kWh,0kWh,0kWh,-,-,-,-,-,-,-,-,-,-,5.459kW,-,-,-,-,-,-
3,6/1/2026 2:00:00 AM,54574.2357kWh,0.8257kWh,0kWh,0kWh,-,-,-,-,-,-,-,-,-,-,5.459kW,-,-,-,-,-,-
4,6/1/2026 3:00:00 AM,54575.0473kWh,0.8116kWh,0kWh,0kWh,-,-,-,-,-,-,-,-,-,-,5.459kW,-,-,-,-,-,-
5,6/1/2026 4:00:00 AM,54575.8256kWh,0.7783kWh,0kWh,0kWh,-,-,-,-,-,-,-,-,-,-,5.459kW,-,-,-,-,-,-
6,6/1/2026 5:00:00 AM,54576.5839kWh,0.7583kWh,0kWh,0kWh,-,-,-,-,-,-,-,-,-,-,5.459kW,-,-,-,-,-,-
7,6/1/2026 6:00:00 AM,54577.2005kWh,0.6166kWh,0kWh,0kWh,-,-,-,-,-,-,-,-,-,-,5.459kW,-,-,-,-,-,-
8,6/1/2026 7:00:00 AM,54577.967kWh,0.7665kWh,0kWh,0kWh,-,-,-,-,-,-,-,-,-,-,5.459kW,-,-,-,-,-,-
9,6/1/2026 8:00:00 AM,54578.322kWh,0.355kWh,0kWh,0kWh,-,-,-,-,-,-,-,-,-,-,5.459kW,-,-,-,-,-,-
10,6/1/2026 9:00:00 AM,54578.6816kWh,0.3596kWh,0kWh,0kWh,-,-,-,-,-,-,-,-,-,-,5.459kW,-,-,-,-,-,-
11,6/1/2026 10:00:00 AM,54579.0285kWh,0.3469kWh,0kWh,0kWh,-,-,-,-,-,-,-,-,-,-,5.459kW,-,-,-,-,-,-
12,6/1/2026 11:00:00 AM,54579.5089kWh,0.4804kWh,0kWh,0kWh,-,-,-,-,-,-,-,-,-,-,5.459kW,-,-,-,-,-,-
13,6/1/2026 12:00:00 PM,54580.4652kWh,0.9563kWh,0kWh,0kWh,-,-,-,-,-,-,-,-,-,-,5.459kW,-,-,-,-,-,-
14,6/1/2026 1:00:00 PM,54581.0034kWh,0.5382kWh,0kWh,0kWh,-,-,-,-,-,-,-,-,-,-,5.459kW,-,-,-,-,-,-
15,6/1/2026 2:00:00 PM,54581.9402kWh,0.9368kWh,0kWh,0kWh,-,-,-,-,-,-,-,-,-,-,5.459kW,-,-,-,-,-,-
16,6/1/2026 3:00:00 PM,54584.0948kWh,2.1546kWh,0kWh,0kWh,-,-,-,-,-,-,-,-,-,-,5.459kW,-,-,-,-,-,-
17,6/1/2026 4:00:00 PM,54586.6713kWh,2.5765kWh,0kWh,0kWh,-,-,-,-,-,-,-,-,-,-,5.459kW,-,-,-,-,-,-
18,6/1/2026 5:00:00 PM,54589.3297kWh,2.6584kWh,0kWh,0kWh,-,-,-,-,-,-,-,-,-,-,5.459kW,-,-,-,-,-,-
19,6/1/2026 6:00:00 PM,54591.7029kWh,2.3732kWh,0kWh,0kWh,-,-,-,-,-,-,-,-,-,-,5.459kW,-,-,-,-,-,-
20,6/1/2026 7:00:00 PM,54593.8396kWh,2.1367kWh,0kWh,0kWh,-,-,-,-,-,-,-,-,-,-,5.459kW,-,-,-,-,-,-
21,6/1/2026 8:00:00 PM,54595.256kWh,1.4164kWh,0kWh,0kWh,-,-,-,-,-,-,-,-,-,-,5.459kW,-,-,-,-,-,-
22,6/1/2026 9:00:00 PM,54598.4854kWh,3.2294kWh,0kWh,0kWh,-,-,-,-,-,-,-,-,-,-,5.459kW,-,-,-,-,-,-
23,6/1/2026 10:00:00 PM,54602.111kWh,3.6256kWh,0kWh,0kWh,-,-,-,-,-,-,-,-,-,-,5.459kW,-,-,-,-,-,-
24,6/1/2026 11:00:00 PM,54604.665kWh,2.554kWh,0kWh,0kWh,-,-,-,-,-,-,-,-,-,-,5.459kW,-,-,-,-,-,-
25,6/2/2026,54605.5425kWh,0.8775kWh,0kWh,0kWh,-,-,-,-,-,-,-,-,-,-,5.459kW,-,-,-,-,-,-
26,6/2/2026 1:00:00 AM,54606.5542kWh,1.0117kWh,0kWh,0kWh,-,-,-,-,-,-,-,-,-,-,5.459kW,-,-,-,-,-,-
27,6/2/2026 2:00:00 AM,54607.2323kWh,0.6781kWh,0kWh,0kWh,-,-,-,-,-,-,-,-,-,-,5.459kW,-,-,-,-,-,-
28,6/2/2026 3:00:00 AM,54607.9005kWh,0.6682kWh,0kWh,0kWh,-,-,-,-,-,-,-,-,-,-,5.459kW,-,-,-,-,-,-
29,6/2/2026 4:00:00 AM,54608.6211kWh,0.7206kWh,0kWh,0kWh,-,-,-,-,-,-,-,-,-,-,5.459kW,-,-,-,-,-,-
30,6/2/2026 5:00:00 AM,54609.38kWh,0.7589kWh,0kWh,0kWh,-,-,-,-,-,-,-,-,-,-,5.459kW,-,-,-,-,-,-
31,6/2/2026 6:00:00 AM,54609.7238kWh,0.3438kWh,0kWh,0kWh,-,-,-,-,-,-,-,-,-,-,5.459kW,-,-,-,-,-,-
32,6/2/2026 7:00:00 AM,54610.0519kWh,0.3281kWh,0kWh,0kWh,-,-,-,-,-,-,-,-,-,-,5.459kW,-,-,-,-,-,-
33,6/2/2026 8:00:00 AM,54610.3806kWh,0.3287kWh,0kWh,0kWh,-,-,-,-,-,-,-,-,-,-,5.459kW,-,-,-,-,-,-
34,6/2/2026 9:00:00 AM,54610.7277kWh,0.3471kWh,0kWh,0kWh,-,-,-,-,-,-,-,-,-,-,5.459kW,-,-,-,-,-,-
35,6/2/2026 10:00:00 AM,54611.1181kWh,0.3904kWh,0kWh,0kWh,-,-,-,-,-,-,-,-,-,-,5.459kW,-,-,-,-,-,-
36,6/2/2026 11:00:00 AM,54611.5055kWh,0.3874kWh,0kWh,0kWh,-,-,-,-,-,-,-,-,-,-,5.459kW,-,-,-,-,-,-
37,6/2/2026 12:00:00 PM,54613.0321kWh,1.5266kWh,0kWh,0kWh,-,-,-,-,-,-,-,-,-,-,5.459kW,-,-,-,-,-,-
38,6/2/2026 1:00:00 PM,54613.5701kWh,0.538kWh,0kWh,0kWh,-,-,-,-,-,-,-,-,-,-,5.459kW,-,-,-,-,-,-
39,6/2/2026 2:00:00 PM,54614.8523kWh,1.2822kWh,0kWh,0kWh,-,-,-,-,-,-,-,-,-,-,5.459kW,-,-,-,-,-,-
40,6/2/2026 3:00:00 PM,54616.8816kWh,2.0293kWh,0kWh,0kWh,-,-,-,-,-,-,-,-,-,-,5.459kW,-,-,-,-,-,-
41,6/2/2026 4:00:00 PM,54618.6754kWh,1.7938kWh,0kWh,0kWh,-,-,-,-,-,-,-,-,-,-,5.459kW,-,-,-,-,-,-
42,6/2/2026 5:00:00 PM,54621.0751kWh,2.3997kWh,0kWh,0kWh,-,-,-,-,-,-,-,-,-,-,5.459kW,-,-,-,-,-,-
43,6/2/2026 6:00:00 PM,54623.171kWh,2.0959kWh,0kWh,0kWh,-,-,-,-,-,-,-,-,-,-,5.459kW,-,-,-,-,-,-
44,6/2/2026 7:00:00 PM,54625.2441kWh,2.0731kWh,0kWh,0kWh,-,-,-,-,-,-,-,-,-,-,5.459kW,-,-,-,-,-,-
45,6/2/2026 8:00:00 PM,54626.3734kWh,1.1293kWh,0kWh,0kWh,-,-,-,-,-,-,-,-,-,-,5.459kW,-,-,-,-,-,-
46,6/2/2026 9:00:00 PM,54628.9516kWh,2.5782kWh,0kWh,0kWh,-,-,-,-,-,-,-,-,-,-,5.459kW,-,-,-,-,-,-
47,6/2/2026 10:00:00 PM,54631.2946kWh,2.343kWh,0kWh,0kWh,-,-,-,-,-,-,-,-,-,-,5.459kW,-,-,-,-,-,-
48,6/2/2026 11:00:00 PM,54632.6395kWh,1.3449kWh,0kWh,0kWh,-,-,-,-,-,-,-,-,-,-,5.459kW,-,-,-,-,-,-
49,6/3/2026,54633.7822kWh,1.1427kWh,0kWh,0kWh,-,-,-,-,-,-,-,-,-,-,5.459kW,-,-,-,-,-,-
50,6/3/2026 1:00:00 AM,54635.1021kWh,1.3199kWh,0kWh,0kWh,-,-,-,-,-,-,-,-,-,-,5.459kW,-,-,-,-,-,-
51,6/3/2026 2:00:00 AM,54635.7769kWh,0.6748kWh,0kWh,0kWh,-,-,-,-,-,-,-,-,-,-,5.459kW,-,-,-,-,-,-
52,6/3/2026 3:00:00 AM,54636.3568kWh,0.5799kWh,0kWh,0kWh,-,-,-,-,-,-,-,-,-,-,5.459kW,-,-,-,-,-,-
53,6/3/2026 4:00:00 AM,54636.6981kWh,0.3413kWh,0kWh,0kWh,-,-,-,-,-,-,-,-,-,-,5.459kW,-,-,-,-,-,-
54,6/3/2026 5:00:00 AM,54637.291kWh,0.5929kWh,0kWh,0kWh,-,-,-,-,-,-,-,-,-,-,5.459kW,-,-,-,-,-,-
55,6/3/2026 6:00:00 AM,54637.6182kWh,0.3272kWh,0kWh,0kWh,-,-,-,-,-,-,-,-,-,-,5.459kW,-,-,-,-,-,-
56,6/3/2026 7:00:00 AM,54637.9707kWh,0.3525kWh,0kWh,0kWh,-,-,-,-,-,-,-,-,-,-,5.459kW,-,-,-,-,-,-
57,6/3/2026 8:00:00 AM,54640.2678kWh,2.2971kWh,0kWh,0kWh,-,-,-,-,-,-,-,-,-,-,5.459kW,-,-,-,-,-,-
58,6/3/2026 9:00:00 AM,54640.6201kWh,0.3523kWh,0kWh,0kWh,-,-,-,-,-,-,-,-,-,-,5.459kW,-,-,-,-,-,-
59,6/3/2026 10:00:00 AM,54640.9824kWh,0.3623kWh,0kWh,0kWh,-,-,-,-,-,-,-,-,-,-,5.459kW,-,-,-,-,-,-
60,6/3/2026 11:00:00 AM,54641.4015kWh,0.4191kWh,0kWh,0kWh,-,-,-,-,-,-,-,-,-,-,5.459kW,-,-,-,-,-,-
61,6/3/2026 12:00:00 PM,54642.4449kWh,1.0434kWh,0kWh,0kWh,-,-,-,-,-,-,-,-,-,-,5.459kW,-,-,-,-,-,-
62,6/3/2026 1:00:00 PM,54643.611kWh,1.1661kWh,0kWh,0kWh,-,-,-,-,-,-,-,-,-,-,5.459kW,-,-,-,-,-,-
63,6/3/2026 2:00:00 PM,54645.0092kWh,1.3982kWh,0kWh,0kWh,-,-,-,-,-,-,-,-,-,-,5.459kW,-,-,-,-,-,-
64,6/3/2026 3:00:00 PM,54646.1618kWh,1.1526kWh,0kWh,0kWh,-,-,-,-,-,-,-,-,-,-,5.459kW,-,-,-,-,-,-
65,6/3/2026 4:00:00 PM,54647.5831kWh,1.4213kWh,0kWh,0kWh,-,-,-,-,-,-,-,-,-,-,5.459kW,-,-,-,-,-,-
66,6/3/2026 5:00:00 PM,54649.0449kWh,1.4618kWh,0kWh,0kWh,-,-,-,-,-,-,-,-,-,-,5.459kW,-,-,-,-,-,-
67,6/3/2026 6:00:00 PM,54650.3584kWh,1.3135kWh,0kWh,0kWh,-,-,-,-,-,-,-,-,-,-,5.459kW,-,-,-,-,-,-
68,6/3/2026 7:00:00 PM,54651.88kWh,1.5216kWh,0kWh,0kWh,-,-,-,-,-,-,-,-,-,-,5.459kW,-,-,-,-,-,-
69,6/3/2026 8:00:00 PM,54653.1609kWh,1.2809kWh,0kWh,0kWh,-,-,-,-,-,-,-,-,-,-,5.459kW,-,-,-,-,-,-
70,6/3/2026 9:00:00 PM,54655.6539kWh,2.493kWh,0kWh,0kWh,-,-,-,-,-,-,-,-,-,-,5.459kW,-,-,-,-,-,-
71,6/3/2026 10:00:00 PM,54657.7004kWh,2.0465kWh,0kWh,0kWh,-,-,-,-,-,-,-,-,-,-,5.459kW,-,-,-,-,-,-
72,6/3/2026 11:00:00 PM,54659.1254kWh,1.425kWh,0kWh,0kWh,-,-,-,-,-,-,-,-,-,-,5.459kW,-,-,-,-,-,-
73,6/4/2026,54659.991kWh,0.8656kWh,0kWh,0kWh,-,-,-,-,-,-,-,-,-,-,5.459kW,-,-,-,-,-,-
74,6/4/2026 1:00:00 AM,54661.0622kWh,1.0712kWh,0kWh,0kWh,-,-,-,-,-,-,-,-,-,-,5.459kW,-,-,-,-,-,-
75,6/4/2026 2:00:00 AM,54661.7264kWh,0.6642kWh,0kWh,0kWh,-,-,-,-,-,-,-,-,-,-,5.459kW,-,-,-,-,-,-
76,6/4/2026 3:00:00 AM,54662.3494kWh,0.623kWh,0kWh,0kWh,-,-,-,-,-,-,-,-,-,-,5.459kW,-,-,-,-,-,-
77,6/4/2026 4:00:00 AM,54662.9493kWh,0.5999kWh,0kWh,0kWh,-,-,-,-,-,-,-,-,-,-,5.459kW,-,-,-,-,-,-
78,6/4/2026 5:00:00 AM,54663.2971kWh,0.3478kWh,0kWh,0kWh,-,-,-,-,-,-,-,-,-,-,5.459kW,-,-,-,-,-,-
79,6/4/2026 6:00:00 AM,54663.8924kWh,0.5953kWh,0kWh,0kWh,-,-,-,-,-,-,-,-,-,-,5.459kW,-,-,-,-,-,-
80,6/4/2026 7:00:00 AM,54664.2518kWh,0.3594kWh,0kWh,0kWh,-,-,-,-,-,-,-,-,-,-,5.459kW,-,-,-,-,-,-
81,6/4/2026 8:00:00 AM,54664.6871kWh,0.4353kWh,0kWh,0kWh,-,-,-,-,-,-,-,-,-,-,5.459kW,-,-,-,-,-,-
82,6/4/2026 9:00:00 AM,54665.0247kWh,0.3376kWh,0kWh,0kWh,-,-,-,-,-,-,-,-,-,-,5.459kW,-,-,-,-,-,-
83,6/4/2026 10:00:00 AM,54665.819kWh,0.7943kWh,0kWh,0kWh,-,-,-,-,-,-,-,-,-,-,5.459kW,-,-,-,-,-,-
84,6/4/2026 11:00:00 AM,54666.1716kWh,0.3526kWh,0kWh,0kWh,-,-,-,-,-,-,-,-,-,-,5.459kW,-,-,-,-,-,-
85,6/4/2026 12:00:00 PM,54666.5093kWh,0.3377kWh,0kWh,0kWh,-,-,-,-,-,-,-,-,-,-,5.459kW,-,-,-,-,-,-
86,6/4/2026 1:00:00 PM,54667.0142kWh,0.5049kWh,0kWh,0kWh,-,-,-,-,-,-,-,-,-,-,5.459kW,-,-,-,-,-,-
87,6/4/2026 2:00:00 PM,54667.6043kWh,0.5901kWh,0kWh,0kWh,-,-,-,-,-,-,-,-,-,-,5.459kW,-,-,-,-,-,-
88,6/4/2026 3:00:00 PM,54668.4324kWh,0.8281kWh,0kWh,0kWh,-,-,-,-,-,-,-,-,-,-,5.459kW,-,-,-,-,-,-
89,6/4/2026 4:00:00 PM,54669.58kWh,1.1476kWh,0kWh,0kWh,-,-,-,-,-,-,-,-,-,-,5.459kW,-,-,-,-,-,-
90,6/4/2026 5:00:00 PM,54670.9kWh,1.32kWh,0kWh,0kWh,-,-,-,-,-,-,-,-,-,-,5.459kW,-,-,-,-,-,-
91,6/4/2026 6:00:00 PM,54672.986kWh,2.086kWh,0kWh,0kWh,-,-,-,-,-,-,-,-,-,-,5.459kW,-,-,-,-,-,-
92,6/4/2026 7:00:00 PM,54674.8945kWh,1.9085kWh,0kWh,0kWh,-,-,-,-,-,-,-,-,-,-,5.459kW,-,-,-,-,-,-
93,6/4/2026 8:00:00 PM,54676.7298kWh,1.8353kWh,0kWh,0kWh,-,-,-,-,-,-,-,-,-,-,5.459kW,-,-,-,-,-,-
94,6/4/2026 9:00:00 PM,54679.8597kWh,3.1299kWh,0kWh,0kWh,-,-,-,-,-,-,-,-,-,-,5.459kW,-,-,-,-,-,-
95,6/4/2026 10:00:00 PM,54682.9187kWh,3.059kWh,0kWh,0kWh,-,-,-,-,-,-,-,-,-,-,5.459kW,-,-,-,-,-,-
96,6/4/2026 11:00:00 PM,54685.1432kWh,2.2245kWh,0kWh,0kWh,-,-,-,-,-,-,-,-,-,-,5.459kW,-,-,-,-,-,-
97,6/5/2026,54686.8759kWh,1.7327kWh,0kWh,0kWh,-,-,-,-,-,-,-,-,-,-,5.459kW,-,-,-,-,-,-
98,6/5/2026 1:00:00 AM,54687.6472kWh,0.7713kWh,0kWh,0kWh,-,-,-,-,-,-,-,-,-,-,5.459kW,-,-,-,-,-,-
99,6/5/2026 2:00:00 AM,54688.5367kWh,0.8895kWh,0kWh,0kWh,-,-,-,-,-,-,-,-,-,-,5.459kW,-,-,-,-,-,-
100,6/5/2026 3:00:00 AM,54689.2444kWh,0.7077kWh,0kWh,0kWh,-,-,-,-,-,-,-,-,-,-,5.459kW,-,-,-,-,-,-
101,6/5/2026 4:00:00 AM,54689.8995kWh,0.6551kWh,0kWh,0kWh,-,-,-,-,-,-,-,-,-,-,5.459kW,-,-,-,-,-,-
102,6/5/2026 5:00:00 AM,54690.6769kWh,0.7774kWh,0kWh,0kWh,-,-,-,-,-,-,-,-,-,-,5.459kW,-,-,-,-,-,-
103,6/5/2026 6:00:00 AM,54691.4331kWh,0.7562kWh,0kWh,0kWh,-,-,-,-,-,-,-,-,-,-,5.459kW,-,-,-,-,-,-
104,6/5/2026 7:00:00 AM,54691.7752kWh,0.3421kWh,0kWh,0kWh,-,-,-,-,-,-,-,-,-,-,5.459kW,-,-,-,-,-,-
105,6/5/2026 8:00:00 AM,54692.1584kWh,0.3832kWh,0kWh,0kWh,-,-,-,-,-,-,-,-,-,-,5.459kW,-,-,-,-,-,-
106,6/5/2026 9:00:00 AM,54692.5246kWh,0.3662kWh,0kWh,0kWh,-,-,-,-,-,-,-,-,-,-,5.459kW,-,-,-,-,-,-
107,6/5/2026 10:00:00 AM,54693.0263kWh,0.5017kWh,0kWh,0kWh,-,-,-,-,-,-,-,-,-,-,5.459kW,-,-,-,-,-,-
108,6/5/2026 11:00:00 AM,54693.8686kWh,0.8423kWh,0kWh,0kWh,-,-,-,-,-,-,-,-,-,-,5.459kW,-,-,-,-,-,-
109,6/5/2026 12:00:00 PM,54694.3706kWh,0.502kWh,0kWh,0kWh,-,-,-,-,-,-,-,-,-,-,5.459kW,-,-,-,-,-,-
110,6/5/2026 1:00:00 PM,54695.965kWh,1.5944kWh,0kWh,0kWh,-,-,-,-,-,-,-,-,-,-,5.459kW,-,-,-,-,-,-
111,6/5/2026 2:00:00 PM,54697.5833kWh,1.6183kWh,0kWh,0kWh,-,-,-,-,-,-,-,-,-,-,5.459kW,-,-,-,-,-,-
112,6/5/2026 3:00:00 PM,54699.4235kWh,1.8402kWh,0kWh,0kWh,-,-,-,-,-,-,-,-,-,-,5.459kW,-,-,-,-,-,-
113,6/5/2026 4:00:00 PM,54701.5145kWh,2.091kWh,0kWh,0kWh,-,-,-,-,-,-,-,-,-,-,5.459kW,-,-,-,-,-,-
114,6/5/2026 5:00:00 PM,54703.8103kWh,2.2958kWh,0kWh,0kWh,-,-,-,-,-,-,-,-,-,-,5.459kW,-,-,-,-,-,-
115,6/5/2026 6:00:00 PM,54707.1736kWh,3.3633kWh,0kWh,0kWh,-,-,-,-,-,-,-,-,-,-,5.459kW,-,-,-,-,-,-
116,6/5/2026 7:00:00 PM,54709.5619kWh,2.3883kWh,0kWh,0kWh,-,-,-,-,-,-,-,-,-,-,5.459kW,-,-,-,-,-,-
117,6/5/2026 8:00:00 PM,54711.2869kWh,1.725kWh,0kWh,0kWh,-,-,-,-,-,-,-,-,-,-,5.459kW,-,-,-,-,-,-
118,6/5/2026 9:00:00 PM,54713.7801kWh,2.4932kWh,0kWh,0kWh,-,-,-,-,-,-,-,-,-,-,5.459kW,-,-,-,-,-,-
119,6/5/2026 10:00:00 PM,54715.7935kWh,2.0134kWh,0kWh,0kWh,-,-,-,-,-,-,-,-,-,-,5.459kW,-,-,-,-,-,-
120,6/5/2026 11:00:00 PM,54717.5571kWh,1.7636kWh,0kWh,0kWh,-,-,-,-,-,-,-,-,-,-,5.459kW,-,-,-,-,-,-
121,6/6/2026,54718.752kWh,1.1949kWh,0kWh,0kWh,-,-,-,-,-,-,-,-,-,-,5.459kW,-,-,-,-,-,-
122,6/6/2026 1:00:00 AM,54719.7713kWh,1.0193kWh,0kWh,0kWh,-,-,-,-,-,-,-,-,-,-,5.459kW,-,-,-,-,-,-
123,6/6/2026 2:00:00 AM,54720.9589kWh,1.1876kWh,0kWh,0kWh,-,-,-,-,-,-,-,-,-,-,5.459kW,-,-,-,-,-,-
124,6/6/2026 3:00:00 AM,54721.8518kWh,0.8929kWh,0kWh,0kWh,-,-,-,-,-,-,-,-,-,-,5.459kW,-,-,-,-,-,-
125,6/6/2026 4:00:00 AM,54722.5809kWh,0.7291kWh,0kWh,0kWh,-,-,-,-,-,-,-,-,-,-,5.459kW,-,-,-,-,-,-
126,6/6/2026 5:00:00 AM,54723.2519kWh,0.671kWh,0kWh,0kWh,-,-,-,-,-,-,-,-,-,-,5.459kW,-,-,-,-,-,-
127,6/6/2026 6:00:00 AM,54724.5269kWh,1.275kWh,0kWh,0kWh,-,-,-,-,-,-,-,-,-,-,5.459kW,-,-,-,-,-,-
128,6/6/2026 7:00:00 AM,54724.9076kWh,0.3807kWh,0kWh,0kWh,-,-,-,-,-,-,-,-,-,-,5.459kW,-,-,-,-,-,-
129,6/6/2026 8:00:00 AM,54725.487kWh,0.5794kWh,0kWh,0kWh,-,-,-,-,-,-,-,-,-,-,5.459kW,-,-,-,-,-,-
130,6/6/2026 9:00:00 AM,54726.565kWh,1.078kWh,0kWh,0kWh,-,-,-,-,-,-,-,-,-,-,5.459kW,-,-,-,-,-,-
131,6/6/2026 10:00:00 AM,54728.9329kWh,2.3679kWh,0kWh,0kWh,-,-,-,-,-,-,-,-,-,-,5.608kW,-,-,-,-,-,-
132,6/6/2026 11:00:00 AM,54729.8734kWh,0.9405kWh,0kWh,0kWh,-,-,-,-,-,-,-,-,-,-,5.608kW,-,-,-,-,-,-
133,6/6/2026 12:00:00 PM,54730.4011kWh,0.5277kWh,0kWh,0kWh,-,-,-,-,-,-,-,-,-,-,5.608kW,-,-,-,-,-,-
134,6/6/2026 1:00:00 PM,54731.2074kWh,0.8063kWh,0kWh,0kWh,-,-,-,-,-,-,-,-,-,-,5.608kW,-,-,-,-,-,-
135,6/6/2026 2:00:00 PM,54733.1365kWh,1.9291kWh,0kWh,0kWh,-,-,-,-,-,-,-,-,-,-,5.608kW,-,-,-,-,-,-
136,6/6/2026 3:00:00 PM,54734.6531kWh,1.5166kWh,0kWh,0kWh,-,-,-,-,-,-,-,-,-,-,5.608kW,-,-,-,-,-,-
137,6/6/2026 4:00:00 PM,54736.053kWh,1.3999kWh,0kWh,0kWh,-,-,-,-,-,-,-,-,-,-,5.608kW,-,-,-,-,-,-
138,6/6/2026 5:00:00 PM,54737.512kWh,1.459kWh,0kWh,0kWh,-,-,-,-,-,-,-,-,-,-,5.608kW,-,-,-,-,-,-
139,6/6/2026 6:00:00 PM,54738.6258kWh,1.1138kWh,0kWh,0kWh,-,-,-,-,-,-,-,-,-,-,5.608kW,-,-,-,-,-,-
140,6/6/2026 7:00:00 PM,54740.7025kWh,2.0767kWh,0kWh,0kWh,-,-,-,-,-,-,-,-,-,-,5.608kW,-,-,-,-,-,-
141,6/6/2026 8:00:00 PM,54742.3441kWh,1.6416kWh,0kWh,0kWh,-,-,-,-,-,-,-,-,-,-,5.608kW,-,-,-,-,-,-
142,6/6/2026 9:00:00 PM,54745.1923kWh,2.8482kWh,0kWh,0kWh,-,-,-,-,-,-,-,-,-,-,5.608kW,-,-,-,-,-,-
143,6/6/2026 10:00:00 PM,54747.0749kWh,1.8826kWh,0kWh,0kWh,-,-,-,-,-,-,-,-,-,-,5.608kW,-,-,-,-,-,-
144,6/6/2026 11:00:00 PM,54749.1478kWh,2.0729kWh,0kWh,0kWh,-,-,-,-,-,-,-,-,-,-,5.608kW,-,-,-,-,-,-
145,6/7/2026,54750.7196kWh,1.5718kWh,0kWh,0kWh,-,-,-,-,-,-,-,-,-,-,5.608kW,-,-,-,-,-,-
146,6/7/2026 1:00:00 AM,54751.8214kWh,1.1018kWh,0kWh,0kWh,-,-,-,-,-,-,-,-,-,-,5.608kW,-,-,-,-,-,-
147,6/7/2026 2:00:00 AM,54752.9062kWh,1.0848kWh,0kWh,0kWh,-,-,-,-,-,-,-,-,-,-,5.608kW,-,-,-,-,-,-
148,6/7/2026 3:00:00 AM,54754.0988kWh,1.1926kWh,0kWh,0kWh,-,-,-,-,-,-,-,-,-,-,5.608kW,-,-,-,-,-,-
149,6/7/2026 4:00:00 AM,54755.1785kWh,1.0797kWh,0kWh,0kWh,-,-,-,-,-,-,-,-,-,-,5.608kW,-,-,-,-,-,-
150,6/7/2026 5:00:00 AM,54756.2273kWh,1.0488kWh,0kWh,0kWh,-,-,-,-,-,-,-,-,-,-,5.608kW,-,-,-,-,-,-
151,6/7/2026 6:00:00 AM,54757.769kWh,1.5417kWh,0kWh,0kWh,-,-,-,-,-,-,-,-,-,-,5.608kW,-,-,-,-,-,-
152,6/7/2026 7:00:00 AM,54758.2471kWh,0.4781kWh,0kWh,0kWh,-,-,-,-,-,-,-,-,-,-,5.608kW,-,-,-,-,-,-
153,6/7/2026 8:00:00 AM,54758.762kWh,0.5149kWh,0kWh,0kWh,-,-,-,-,-,-,-,-,-,-,5.608kW,-,-,-,-,-,-
154,6/7/2026 9:00:00 AM,54759.3228kWh,0.5608kWh,0kWh,0kWh,-,-,-,-,-,-,-,-,-,-,5.608kW,-,-,-,-,-,-
155,6/7/2026 10:00:00 AM,54759.8874kWh,0.5646kWh,0kWh,0kWh,-,-,-,-,-,-,-,-,-,-,5.608kW,-,-,-,-,-,-
156,6/7/2026 11:00:00 AM,54761.489kWh,1.6016kWh,0kWh,0kWh,-,-,-,-,-,-,-,-,-,-,5.608kW,-,-,-,-,-,-
157,6/7/2026 12:00:00 PM,54762.4633kWh,0.9743kWh,0kWh,0kWh,-,-,-,-,-,-,-,-,-,-,5.608kW,-,-,-,-,-,-
158,6/7/2026 1:00:00 PM,54763.0153kWh,0.552kWh,0kWh,0kWh,-,-,-,-,-,-,-,-,-,-,5.608kW,-,-,-,-,-,-
159,6/7/2026 2:00:00 PM,54763.7712kWh,0.7559kWh,0kWh,0kWh,-,-,-,-,-,-,-,-,-,-,5.608kW,-,-,-,-,-,-
160,6/7/2026 3:00:00 PM,54765.1147kWh,1.3435kWh,0kWh,0kWh,-,-,-,-,-,-,-,-,-,-,5.608kW,-,-,-,-,-,-
161,6/7/2026 4:00:00 PM,54766.3711kWh,1.2564kWh,0kWh,0kWh,-,-,-,-,-,-,-,-,-,-,5.608kW,-,-,-,-,-,-
162,6/7/2026 5:00:00 PM,54767.8129kWh,1.4418kWh,0kWh,0kWh,-,-,-,-,-,-,-,-,-,-,5.608kW,-,-,-,-,-,-
163,6/7/2026 6:00:00 PM,54769.3979kWh,1.585kWh,0kWh,0kWh,-,-,-,-,-,-,-,-,-,-,5.608kW,-,-,-,-,-,-
164,6/7/2026 7:00:00 PM,54771.0629kWh,1.665kWh,0kWh,0kWh,-,-,-,-,-,-,-,-,-,-,5.608kW,-,-,-,-,-,-
165,6/7/2026 8:00:00 PM,54772.3797kWh,1.3168kWh,0kWh,0kWh,-,-,-,-,-,-,-,-,-,-,5.608kW,-,-,-,-,-,-
166,6/7/2026 9:00:00 PM,54775.2968kWh,2.9171kWh,0kWh,0kWh,-,-,-,-,-,-,-,-,-,-,5.608kW,-,-,-,-,-,-
167,6/7/2026 10:00:00 PM,54777.9019kWh,2.6051kWh,0kWh,0kWh,-,-,-,-,-,-,-,-,-,-,5.608kW,-,-,-,-,-,-
168,6/7/2026 11:00:00 PM,54779.2032kWh,1.3013kWh,0kWh,0kWh,-,-,-,-,-,-,-,-,-,-,5.608kW,-,-,-,-,-,-
169,6/8/2026,54780.3075kWh,1.1043kWh,0kWh,0kWh,-,-,-,-,-,-,-,-,-,-,5.608kW,-,-,-,-,-,-
170,6/8/2026 1:00:00 AM,54781.439kWh,1.1315kWh,0kWh,0kWh,-,-,-,-,-,-,-,-,-,-,5.608kW,-,-,-,-,-,-
171,6/8/2026 2:00:00 AM,54782.1528kWh,0.7138kWh,0kWh,0kWh,-,-,-,-,-,-,-,-,-,-,5.608kW,-,-,-,-,-,-
172,6/8/2026 3:00:00 AM,54782.8568kWh,0.704kWh,0kWh,0kWh,-,-,-,-,-,-,-,-,-,-,5.608kW,-,-,-,-,-,-
173,6/8/2026 4:00:00 AM,54783.5091kWh,0.6523kWh,0kWh,0kWh,-,-,-,-,-,-,-,-,-,-,5.608kW,-,-,-,-,-,-
174,6/8/2026 5:00:00 AM,54784.1644kWh,0.6553kWh,0kWh,0kWh,-,-,-,-,-,-,-,-,-,-,5.608kW,-,-,-,-,-,-
175,6/8/2026 6:00:00 AM,54784.8366kWh,0.6722kWh,0kWh,0kWh,-,-,-,-,-,-,-,-,-,-,5.608kW,-,-,-,-,-,-
176,6/8/2026 7:00:00 AM,54785.1866kWh,0.35kWh,0kWh,0kWh,-,-,-,-,-,-,-,-,-,-,5.608kW,-,-,-,-,-,-
177,6/8/2026 8:00:00 AM,54785.577kWh,0.3904kWh,0kWh,0kWh,-,-,-,-,-,-,-,-,-,-,5.608kW,-,-,-,-,-,-
178,6/8/2026 9:00:00 AM,54785.9846kWh,0.4076kWh,0kWh,0kWh,-,-,-,-,-,-,-,-,-,-,5.608kW,-,-,-,-,-,-
179,6/8/2026 10:00:00 AM,54786.6887kWh,0.7041kWh,0kWh,0kWh,-,-,-,-,-,-,-,-,-,-,5.608kW,-,-,-,-,-,-
180,6/8/2026 11:00:00 AM,54787.4601kWh,0.7714kWh,0kWh,0kWh,-,-,-,-,-,-,-,-,-,-,5.608kW,-,-,-,-,-,-
181,6/8/2026 12:00:00 PM,54787.9811kWh,0.521kWh,0kWh,0kWh,-,-,-,-,-,-,-,-,-,-,5.608kW,-,-,-,-,-,-
182,6/8/2026 1:00:00 PM,54789.2318kWh,1.2507kWh,0kWh,0kWh,-,-,-,-,-,-,-,-,-,-,5.608kW,-,-,-,-,-,-
183,6/8/2026 2:00:00 PM,54790.663kWh,1.4312kWh,0kWh,0kWh,-,-,-,-,-,-,-,-,-,-,5.608kW,-,-,-,-,-,-
184,6/8/2026 3:00:00 PM,54792.3821kWh,1.7191kWh,0kWh,0kWh,-,-,-,-,-,-,-,-,-,-,5.608kW,-,-,-,-,-,-
185,6/8/2026 4:00:00 PM,54794.0569kWh,1.6748kWh,0kWh,0kWh,-,-,-,-,-,-,-,-,-,-,5.608kW,-,-,-,-,-,-
186,6/8/2026 5:00:00 PM,54795.943kWh,1.8861kWh,0kWh,0kWh,-,-,-,-,-,-,-,-,-,-,5.608kW,-,-,-,-,-,-
187,6/8/2026 6:00:00 PM,54797.7549kWh,1.8119kWh,0kWh,0kWh,-,-,-,-,-,-,-,-,-,-,5.608kW,-,-,-,-,-,-
188,6/8/2026 7:00:00 PM,54799.658kWh,1.9031kWh,0kWh,0kWh,-,-,-,-,-,-,-,-,-,-,5.608kW,-,-,-,-,-,-
189,6/8/2026 8:00:00 PM,54801.1789kWh,1.5209kWh,0kWh,0kWh,-,-,-,-,-,-,-,-,-,-,5.608kW,-,-,-,-,-,-
190,6/8/2026 9:00:00 PM,54804.0232kWh,2.8443kWh,0kWh,0kWh,-,-,-,-,-,-,-,-,-,-,5.608kW,-,-,-,-,-,-
191,6/8/2026 10:00:00 PM,54806.7333kWh,2.7101kWh,0kWh,0kWh,-,-,-,-,-,-,-,-,-,-,5.608kW,-,-,-,-,-,-
192,6/8/2026 11:00:00 PM,54808.9389kWh,2.2056kWh,0kWh,0kWh,-,-,-,-,-,-,-,-,-,-,5.608kW,-,-,-,-,-,-
193,6/9/2026,54810.2276kWh,1.2887kWh,0kWh,0kWh,-,-,-,-,-,-,-,-,-,-,5.608kW,-,-,-,-,-,-
194,6/9/2026 1:00:00 AM,54811.1059kWh,0.8783kWh,0kWh,0kWh,-,-,-,-,-,-,-,-,-,-,5.608kW,-,-,-,-,-,-
195,6/9/2026 2:00:00 AM,54812.0172kWh,0.9113kWh,0kWh,0kWh,-,-,-,-,-,-,-,-,-,-,5.608kW,-,-,-,-,-,-
196,6/9/2026 3:00:00 AM,-,1.003186kWh,-,-,-,-,-,-,-,-,-,-,-,-,-,-,-,-,-,-,-
197,6/9/2026 4:00:00 AM,54813.3959kWh,0.98675kWh,0kWh,-,-,-,-,-,-,-,-,-,-,-,5.608kW,-,-,-,-,-,-
198,6/9/2026 5:00:00 AM,54814.0716kWh,0.6757kWh,0kWh,0kWh,-,-,-,-,-,-,-,-,-,-,5.608kW,-,-,-,-,-,-
199,6/9/2026 6:00:00 AM,54814.7041kWh,0.6325kWh,0kWh,0kWh,-,-,-,-,-,-,-,-,-,-,5.608kW,-,-,-,-,-,-
200,6/9/2026 7:00:00 AM,54815.1247kWh,0.4206kWh,0kWh,0kWh,-,-,-,-,-,-,-,-,-,-,5.608kW,-,-,-,-,-,-
201,6/9/2026 8:00:00 AM,-,0.771338kWh,-,-,-,-,-,-,-,-,-,-,-,-,-,-,-,-,-,-,-
202,6/9/2026 9:00:00 AM,54815.946kWh,0.866682kWh,0kWh,-,-,-,-,-,-,-,-,-,-,-,5.608kW,-,-,-,-,-,-
203,6/9/2026 10:00:00 AM,54816.6781kWh,0.7321kWh,0kWh,0kWh,-,-,-,-,-,-,-,-,-,-,5.608kW,-,-,-,-,-,-
204,6/9/2026 11:00:00 AM,54817.7744kWh,1.0963kWh,0kWh,0kWh,-,-,-,-,-,-,-,-,-,-,5.608kW,-,-,-,-,-,-
205,6/9/2026 12:00:00 PM,54818.4641kWh,0.6897kWh,0kWh,0kWh,-,-,-,-,-,-,-,-,-,-,5.608kW,-,-,-,-,-,-
206,6/9/2026 1:00:00 PM,54819.0122kWh,0.5481kWh,0kWh,0kWh,-,-,-,-,-,-,-,-,-,-,5.608kW,-,-,-,-,-,-
207,6/9/2026 2:00:00 PM,54819.6212kWh,0.609kWh,0kWh,0kWh,-,-,-,-,-,-,-,-,-,-,5.608kW,-,-,-,-,-,-
208,6/9/2026 3:00:00 PM,54820.9541kWh,1.3329kWh,0kWh,0kWh,-,-,-,-,-,-,-,-,-,-,5.608kW,-,-,-,-,-,-
209,6/9/2026 4:00:00 PM,54822.3569kWh,1.4028kWh,0kWh,0kWh,-,-,-,-,-,-,-,-,-,-,5.608kW,-,-,-,-,-,-
210,6/9/2026 5:00:00 PM,54823.8325kWh,1.4756kWh,0kWh,0kWh,-,-,-,-,-,-,-,-,-,-,5.608kW,-,-,-,-,-,-
211,6/9/2026 6:00:00 PM,54825.626kWh,1.7935kWh,0kWh,0kWh,-,-,-,-,-,-,-,-,-,-,5.608kW,-,-,-,-,-,-
212,6/9/2026 7:00:00 PM,54827.439kWh,1.813kWh,0kWh,0kWh,-,-,-,-,-,-,-,-,-,-,5.608kW,-,-,-,-,-,-
213,6/9/2026 8:00:00 PM,-,2.132282kWh,-,-,-,-,-,-,-,-,-,-,-,-,-,-,-,-,-,-,-
214,6/9/2026 9:00:00 PM,-,2.640274kWh,-,-,-,-,-,-,-,-,-,-,-,-,-,-,-,-,-,-,-
215,6/9/2026 10:00:00 PM,54834.7342kWh,2.270415kWh,0kWh,-,-,-,-,-,-,-,-,-,-,-,5.608kW,-,-,-,-,-,-
216,6/9/2026 11:00:00 PM,54836.7207kWh,1.9865kWh,0kWh,0kWh,-,-,-,-,-,-,-,-,-,-,5.608kW,-,-,-,-,-,-
217,6/10/2026,54838.2147kWh,1.494kWh,0kWh,0kWh,-,-,-,-,-,-,-,-,-,-,5.608kW,-,-,-,-,-,-
218,6/10/2026 1:00:00 AM,54839.473kWh,1.2583kWh,0kWh,0kWh,-,-,-,-,-,-,-,-,-,-,5.608kW,-,-,-,-,-,-
219,6/10/2026 2:00:00 AM,54840.5523kWh,1.0793kWh,0kWh,0kWh,-,-,-,-,-,-,-,-,-,-,5.608kW,-,-,-,-,-,-
220,6/10/2026 3:00:00 AM,-,1.216372kWh,-,-,-,-,-,-,-,-,-,-,-,-,-,-,-,-,-,-,-
221,6/10/2026 4:00:00 AM,-,1.197132kWh,-,-,-,-,-,-,-,-,-,-,-,-,-,-,-,-,-,-,-
222,6/10/2026 5:00:00 AM,-,1.101907kWh,-,-,-,-,-,-,-,-,-,-,-,-,-,-,-,-,-,-,-
223,6/10/2026 6:00:00 AM,-,1.15339kWh,-,-,-,-,-,-,-,-,-,-,-,-,-,-,-,-,-,-,-
224,6/10/2026 7:00:00 AM,-,0.626255kWh,-,-,-,-,-,-,-,-,-,-,-,-,-,-,-,-,-,-,-
225,6/10/2026 8:00:00 AM,54848.0696kWh,0.897365kWh,0kWh,-,-,-,-,-,-,-,-,-,-,-,5.608kW,-,-,-,-,-,-
226,6/10/2026 9:00:00 AM,54848.5886kWh,0.519kWh,0kWh,0kWh,-,-,-,-,-,-,-,-,-,-,5.608kW,-,-,-,-,-,-
227,6/10/2026 10:00:00 AM,54849.3457kWh,0.7571kWh,0kWh,0kWh,-,-,-,-,-,-,-,-,-,-,5.608kW,-,-,-,-,-,-
228,6/10/2026 11:00:00 AM,-,0.943182kWh,-,-,-,-,-,-,-,-,-,-,-,-,-,-,-,-,-,-,-
229,6/10/2026 12:00:00 PM,54850.4697kWh,1.190436kWh,0kWh,-,-,-,-,-,-,-,-,-,-,-,5.608kW,-,-,-,-,-,-
230,6/10/2026 1:00:00 PM,54851.4501kWh,0.9804kWh,0kWh,0kWh,-,-,-,-,-,-,-,-,-,-,5.608kW,-,-,-,-,-,-
231,6/10/2026 2:00:00 PM,54852.6918kWh,1.2417kWh,0kWh,0kWh,-,-,-,-,-,-,-,-,-,-,5.608kW,-,-,-,-,-,-
232,6/10/2026 3:00:00 PM,54853.8299kWh,1.1381kWh,0kWh,0kWh,-,-,-,-,-,-,-,-,-,-,5.608kW,-,-,-,-,-,-
233,6/10/2026 4:00:00 PM,54855.4007kWh,1.5708kWh,0kWh,0kWh,-,-,-,-,-,-,-,-,-,-,5.608kW,-,-,-,-,-,-
234,6/10/2026 5:00:00 PM,54857.0352kWh,1.6345kWh,0kWh,0kWh,-,-,-,-,-,-,-,-,-,-,5.608kW,-,-,-,-,-,-
235,6/10/2026 6:00:00 PM,54859.017kWh,1.9818kWh,0kWh,0kWh,-,-,-,-,-,-,-,-,-,-,5.608kW,-,-,-,-,-,-
236,6/10/2026 7:00:00 PM,-,1.869309kWh,-,-,-,-,-,-,-,-,-,-,-,-,-,-,-,-,-,-,-
237,6/10/2026 8:00:00 PM,54862.1922kWh,1.969175kWh,0kWh,-,-,-,-,-,-,-,-,-,-,-,5.608kW,-,-,-,-,-,-
238,6/10/2026 9:00:00 PM,54864.9224kWh,2.7302kWh,0kWh,0kWh,-,-,-,-,-,-,-,-,-,-,5.608kW,-,-,-,-,-,-
239,6/10/2026 10:00:00 PM,54867.9111kWh,2.9887kWh,0kWh,0kWh,-,-,-,-,-,-,-,-,-,-,5.608kW,-,-,-,-,-,-
240,6/10/2026 11:00:00 PM,54869.9441kWh,2.033kWh,0kWh,0kWh,-,-,-,-,-,-,-,-,-,-,5.608kW,-,-,-,-,-,-
241,6/11/2026,54871.3139kWh,1.3698kWh,0kWh,0kWh,-,-,-,-,-,-,-,-,-,-,5.608kW,-,-,-,-,-,-
242,6/11/2026 1:00:00 AM,54872.485kWh,1.1711kWh,0kWh,0kWh,-,-,-,-,-,-,-,-,-,-,5.608kW,-,-,-,-,-,-
243,6/11/2026 2:00:00 AM,54873.4347kWh,0.9497kWh,0kWh,0kWh,-,-,-,-,-,-,-,-,-,-,5.608kW,-,-,-,-,-,-
244,6/11/2026 3:00:00 AM,54874.4724kWh,1.0377kWh,0kWh,0kWh,-,-,-,-,-,-,-,-,-,-,5.608kW,-,-,-,-,-,-
245,6/11/2026 4:00:00 AM,54875.5825kWh,1.1101kWh,0kWh,0kWh,-,-,-,-,-,-,-,-,-,-,5.608kW,-,-,-,-,-,-
246,6/11/2026 5:00:00 AM,54876.4633kWh,0.8808kWh,0kWh,0kWh,-,-,-,-,-,-,-,-,-,-,5.608kW,-,-,-,-,-,-
247,6/11/2026 6:00:00 AM,54877.2752kWh,0.8119kWh,0kWh,0kWh,-,-,-,-,-,-,-,-,-,-,5.608kW,-,-,-,-,-,-
248,6/11/2026 7:00:00 AM,-,0.62319kWh,-,-,-,-,-,-,-,-,-,-,-,-,-,-,-,-,-,-,-
249,6/11/2026 8:00:00 AM,54877.9982kWh,0.98428kWh,0kWh,-,-,-,-,-,-,-,-,-,-,-,5.608kW,-,-,-,-,-,-
250,6/11/2026 9:00:00 AM,54878.377kWh,0.3788kWh,0kWh,0kWh,-,-,-,-,-,-,-,-,-,-,5.608kW,-,-,-,-,-,-
251,6/11/2026 10:00:00 AM,54879.2231kWh,0.8461kWh,0kWh,0kWh,-,-,-,-,-,-,-,-,-,-,5.608kW,-,-,-,-,-,-
252,6/11/2026 11:00:00 AM,54879.6193kWh,0.3962kWh,0kWh,0kWh,-,-,-,-,-,-,-,-,-,-,5.608kW,-,-,-,-,-,-
253,6/11/2026 12:00:00 PM,54880.6288kWh,1.0095kWh,0kWh,0kWh,-,-,-,-,-,-,-,-,-,-,5.608kW,-,-,-,-,-,-
254,6/11/2026 1:00:00 PM,54882.4212kWh,1.7924kWh,0kWh,0kWh,-,-,-,-,-,-,-,-,-,-,5.608kW,-,-,-,-,-,-
255,6/11/2026 2:00:00 PM,-,1.544182kWh,-,-,-,-,-,-,-,-,-,-,-,-,-,-,-,-,-,-,-
256,6/11/2026 3:00:00 PM,54887.8703kWh,1.381143kWh,0kWh,-,-,-,-,-,-,-,-,-,-,-,5.608kW,-,-,-,-,-,-
257,6/11/2026 4:00:00 PM,54890.2732kWh,2.4029kWh,0kWh,0kWh,-,-,-,-,-,-,-,-,-,-,5.608kW,-,-,-,-,-,-
258,6/11/2026 5:00:00 PM,54892.504kWh,2.2308kWh,0kWh,0kWh,-,-,-,-,-,-,-,-,-,-,5.608kW,-,-,-,-,-,-
259,6/11/2026 6:00:00 PM,54894.8636kWh,2.3596kWh,0kWh,0kWh,-,-,-,-,-,-,-,-,-,-,5.608kW,-,-,-,-,-,-
260,6/11/2026 7:00:00 PM,54897.1046kWh,2.241kWh,0kWh,0kWh,-,-,-,-,-,-,-,-,-,-,5.608kW,-,-,-,-,-,-
261,6/11/2026 8:00:00 PM,54899.2622kWh,2.1576kWh,0kWh,0kWh,-,-,-,-,-,-,-,-,-,-,5.608kW,-,-,-,-,-,-
262,6/11/2026 9:00:00 PM,54902.2771kWh,3.0149kWh,0kWh,0kWh,-,-,-,-,-,-,-,-,-,-,5.608kW,-,-,-,-,-,-
263,6/11/2026 10:00:00 PM,54905.2628kWh,2.9857kWh,0kWh,0kWh,-,-,-,-,-,-,-,-,-,-,5.608kW,-,-,-,-,-,-
264,6/11/2026 11:00:00 PM,54907.9219kWh,2.6591kWh,0kWh,0kWh,-,-,-,-,-,-,-,-,-,-,5.608kW,-,-,-,-,-,-
265,6/12/2026,54909.4151kWh,1.4932kWh,0kWh,0kWh,-,-,-,-,-,-,-,-,-,-,5.608kW,-,-,-,-,-,-
266,6/12/2026 1:00:00 AM,54910.3076kWh,0.8925kWh,0kWh,0kWh,-,-,-,-,-,-,-,-,-,-,5.608kW,-,-,-,-,-,-
267,6/12/2026 2:00:00 AM,54911.0034kWh,0.6958kWh,0kWh,0kWh,-,-,-,-,-,-,-,-,-,-,5.608kW,-,-,-,-,-,-
268,6/12/2026 3:00:00 AM,54911.6375kWh,0.6341kWh,0kWh,0kWh,-,-,-,-,-,-,-,-,-,-,5.608kW,-,-,-,-,-,-
269,6/12/2026 4:00:00 AM,54911.9889kWh,0.3514kWh,0kWh,0kWh,-,-,-,-,-,-,-,-,-,-,5.608kW,-,-,-,-,-,-
270,6/12/2026 5:00:00 AM,54912.6444kWh,0.6555kWh,0kWh,0kWh,-,-,-,-,-,-,-,-,-,-,5.608kW,-,-,-,-,-,-
271,6/12/2026 6:00:00 AM,54912.9756kWh,0.3312kWh,0kWh,0kWh,-,-,-,-,-,-,-,-,-,-,5.608kW,-,-,-,-,-,-
272,6/12/2026 7:00:00 AM,54913.3975kWh,0.4219kWh,0kWh,0kWh,-,-,-,-,-,-,-,-,-,-,5.608kW,-,-,-,-,-,-
273,6/12/2026 8:00:00 AM,54913.8668kWh,0.4693kWh,0kWh,0kWh,-,-,-,-,-,-,-,-,-,-,5.608kW,-,-,-,-,-,-
274,6/12/2026 9:00:00 AM,54914.3836kWh,0.5168kWh,0kWh,0kWh,-,-,-,-,-,-,-,-,-,-,5.608kW,-,-,-,-,-,-
275,6/12/2026 10:00:00 AM,54915.3241kWh,0.9405kWh,0kWh,0kWh,-,-,-,-,-,-,-,-,-,-,5.608kW,-,-,-,-,-,-
276,6/12/2026 11:00:00 AM,54916.289kWh,0.9649kWh,0kWh,0kWh,-,-,-,-,-,-,-,-,-,-,5.608kW,-,-,-,-,-,-
277,6/12/2026 12:00:00 PM,54917.5149kWh,1.2259kWh,0kWh,0kWh,-,-,-,-,-,-,-,-,-,-,5.608kW,-,-,-,-,-,-
278,6/12/2026 1:00:00 PM,54919.542kWh,2.0271kWh,0kWh,0kWh,-,-,-,-,-,-,-,-,-,-,5.608kW,-,-,-,-,-,-
279,6/12/2026 2:00:00 PM,54921.5954kWh,2.0534kWh,0kWh,0kWh,-,-,-,-,-,-,-,-,-,-,5.608kW,-,-,-,-,-,-
280,6/12/2026 3:00:00 PM,54923.9576kWh,2.3622kWh,0kWh,0kWh,-,-,-,-,-,-,-,-,-,-,5.608kW,-,-,-,-,-,-
281,6/12/2026 4:00:00 PM,54926.4829kWh,2.5253kWh,0kWh,0kWh,-,-,-,-,-,-,-,-,-,-,5.608kW,-,-,-,-,-,-
282,6/12/2026 5:00:00 PM,54928.9854kWh,2.5025kWh,0kWh,0kWh,-,-,-,-,-,-,-,-,-,-,5.608kW,-,-,-,-,-,-
283,6/12/2026 6:00:00 PM,54931.5737kWh,2.5883kWh,0kWh,0kWh,-,-,-,-,-,-,-,-,-,-,5.608kW,-,-,-,-,-,-
284,6/12/2026 7:00:00 PM,54934.1925kWh,2.6188kWh,0kWh,0kWh,-,-,-,-,-,-,-,-,-,-,5.608kW,-,-,-,-,-,-
285,6/12/2026 8:00:00 PM,54936.4528kWh,2.2603kWh,0kWh,0kWh,-,-,-,-,-,-,-,-,-,-,5.608kW,-,-,-,-,-,-
286,6/12/2026 9:00:00 PM,54938.9277kWh,2.4749kWh,0kWh,0kWh,-,-,-,-,-,-,-,-,-,-,5.608kW,-,-,-,-,-,-
287,6/12/2026 10:00:00 PM,54941.5352kWh,2.6075kWh,0kWh,0kWh,-,-,-,-,-,-,-,-,-,-,5.608kW,-,-,-,-,-,-
288,6/12/2026 11:00:00 PM,54943.1053kWh,1.5701kWh,0kWh,0kWh,-,-,-,-,-,-,-,-,-,-,5.608kW,-,-,-,-,-,-
289,6/13/2026,54944.2827kWh,1.1774kWh,0kWh,0kWh,-,-,-,-,-,-,-,-,-,-,5.608kW,-,-,-,-,-,-
290,6/13/2026 1:00:00 AM,54944.9943kWh,0.7116kWh,0kWh,0kWh,-,-,-,-,-,-,-,-,-,-,5.608kW,-,-,-,-,-,-
291,6/13/2026 2:00:00 AM,54945.6801kWh,0.6858kWh,0kWh,0kWh,-,-,-,-,-,-,-,-,-,-,5.608kW,-,-,-,-,-,-
292,6/13/2026 3:00:00 AM,54946.3391kWh,0.659kWh,0kWh,0kWh,-,-,-,-,-,-,-,-,-,-,5.608kW,-,-,-,-,-,-
293,6/13/2026 4:00:00 AM,54947.0377kWh,0.6986kWh,0kWh,0kWh,-,-,-,-,-,-,-,-,-,-,5.608kW,-,-,-,-,-,-
294,6/13/2026 5:00:00 AM,54947.6833kWh,0.6456kWh,0kWh,0kWh,-,-,-,-,-,-,-,-,-,-,5.608kW,-,-,-,-,-,-
295,6/13/2026 6:00:00 AM,54948.6137kWh,0.9304kWh,0kWh,0kWh,-,-,-,-,-,-,-,-,-,-,5.608kW,-,-,-,-,-,-
296,6/13/2026 7:00:00 AM,54950.3429kWh,1.7292kWh,0kWh,0kWh,-,-,-,-,-,-,-,-,-,-,5.608kW,-,-,-,-,-,-
297,6/13/2026 8:00:00 AM,54951.5469kWh,1.204kWh,0kWh,0kWh,-,-,-,-,-,-,-,-,-,-,5.608kW,-,-,-,-,-,-
298,6/13/2026 9:00:00 AM,54952.0927kWh,0.5458kWh,0kWh,0kWh,-,-,-,-,-,-,-,-,-,-,5.608kW,-,-,-,-,-,-
299,6/13/2026 10:00:00 AM,54952.4906kWh,0.3979kWh,0kWh,0kWh,-,-,-,-,-,-,-,-,-,-,5.608kW,-,-,-,-,-,-
300,6/13/2026 11:00:00 AM,54952.8444kWh,0.3538kWh,0kWh,0kWh,-,-,-,-,-,-,-,-,-,-,5.608kW,-,-,-,-,-,-
301,6/13/2026 12:00:00 PM,54953.216kWh,0.3716kWh,0kWh,0kWh,-,-,-,-,-,-,-,-,-,-,5.608kW,-,-,-,-,-,-
302,6/13/2026 1:00:00 PM,54954.0962kWh,0.8802kWh,0kWh,0kWh,-,-,-,-,-,-,-,-,-,-,5.608kW,-,-,-,-,-,-
303,6/13/2026 2:00:00 PM,54954.8646kWh,0.7684kWh,0kWh,0kWh,-,-,-,-,-,-,-,-,-,-,5.608kW,-,-,-,-,-,-
304,6/13/2026 3:00:00 PM,54956.9348kWh,2.0702kWh,0kWh,0kWh,-,-,-,-,-,-,-,-,-,-,5.608kW,-,-,-,-,-,-
305,6/13/2026 4:00:00 PM,54959.0544kWh,2.1196kWh,0kWh,0kWh,-,-,-,-,-,-,-,-,-,-,5.608kW,-,-,-,-,-,-
306,6/13/2026 5:00:00 PM,54961.3147kWh,2.2603kWh,0kWh,0kWh,-,-,-,-,-,-,-,-,-,-,5.608kW,-,-,-,-,-,-
307,6/13/2026 6:00:00 PM,54962.7771kWh,1.4624kWh,0kWh,0kWh,-,-,-,-,-,-,-,-,-,-,5.608kW,-,-,-,-,-,-
308,6/13/2026 7:00:00 PM,54964.4494kWh,1.6723kWh,0kWh,0kWh,-,-,-,-,-,-,-,-,-,-,5.608kW,-,-,-,-,-,-
309,6/13/2026 8:00:00 PM,54965.7261kWh,1.2767kWh,0kWh,0kWh,-,-,-,-,-,-,-,-,-,-,5.608kW,-,-,-,-,-,-
310,6/13/2026 9:00:00 PM,54968.6835kWh,2.9574kWh,0kWh,0kWh,-,-,-,-,-,-,-,-,-,-,5.608kW,-,-,-,-,-,-
311,6/13/2026 10:00:00 PM,54971.3134kWh,2.6299kWh,0kWh,0kWh,-,-,-,-,-,-,-,-,-,-,5.608kW,-,-,-,-,-,-
312,6/13/2026 11:00:00 PM,54973.8832kWh,2.5698kWh,0kWh,0kWh,-,-,-,-,-,-,-,-,-,-,5.608kW,-,-,-,-,-,-
313,6/14/2026,54975.5084kWh,1.6252kWh,0kWh,0kWh,-,-,-,-,-,-,-,-,-,-,5.608kW,-,-,-,-,-,-
314,6/14/2026 1:00:00 AM,54976.0029kWh,0.4945kWh,0kWh,0kWh,-,-,-,-,-,-,-,-,-,-,5.608kW,-,-,-,-,-,-
315,6/14/2026 2:00:00 AM,54976.7923kWh,0.7894kWh,0kWh,0kWh,-,-,-,-,-,-,-,-,-,-,5.608kW,-,-,-,-,-,-
316,6/14/2026 3:00:00 AM,54977.6128kWh,0.8205kWh,0kWh,0kWh,-,-,-,-,-,-,-,-,-,-,5.608kW,-,-,-,-,-,-
317,6/14/2026 4:00:00 AM,54978.418kWh,0.8052kWh,0kWh,0kWh,-,-,-,-,-,-,-,-,-,-,5.608kW,-,-,-,-,-,-
318,6/14/2026 5:00:00 AM,54979.1847kWh,0.7667kWh,0kWh,0kWh,-,-,-,-,-,-,-,-,-,-,5.608kW,-,-,-,-,-,-
319,6/14/2026 6:00:00 AM,54979.9719kWh,0.7872kWh,0kWh,0kWh,-,-,-,-,-,-,-,-,-,-,5.608kW,-,-,-,-,-,-
320,6/14/2026 7:00:00 AM,54980.9585kWh,0.9866kWh,0kWh,0kWh,-,-,-,-,-,-,-,-,-,-,5.608kW,-,-,-,-,-,-
321,6/14/2026 8:00:00 AM,54981.4908kWh,0.5323kWh,0kWh,0kWh,-,-,-,-,-,-,-,-,-,-,5.608kW,-,-,-,-,-,-
322,6/14/2026 9:00:00 AM,54982.0239kWh,0.5331kWh,0kWh,0kWh,-,-,-,-,-,-,-,-,-,-,5.608kW,-,-,-,-,-,-
323,6/14/2026 10:00:00 AM,54983.0736kWh,1.0497kWh,0kWh,0kWh,-,-,-,-,-,-,-,-,-,-,5.608kW,-,-,-,-,-,-
324,6/14/2026 11:00:00 AM,54985.2082kWh,2.1346kWh,0kWh,0kWh,-,-,-,-,-,-,-,-,-,-,5.608kW,-,-,-,-,-,-
325,6/14/2026 12:00:00 PM,54987.3954kWh,2.1872kWh,0kWh,0kWh,-,-,-,-,-,-,-,-,-,-,5.608kW,-,-,-,-,-,-
326,6/14/2026 1:00:00 PM,54988.6526kWh,1.2572kWh,0kWh,0kWh,-,-,-,-,-,-,-,-,-,-,5.608kW,-,-,-,-,-,-
327,6/14/2026 2:00:00 PM,54990.411kWh,1.7584kWh,0kWh,0kWh,-,-,-,-,-,-,-,-,-,-,5.608kW,-,-,-,-,-,-
328,6/14/2026 3:00:00 PM,54991.461kWh,1.05kWh,0kWh,0kWh,-,-,-,-,-,-,-,-,-,-,5.608kW,-,-,-,-,-,-
329,6/14/2026 4:00:00 PM,54992.67kWh,1.209kWh,0kWh,0kWh,-,-,-,-,-,-,-,-,-,-,5.608kW,-,-,-,-,-,-
330,6/14/2026 5:00:00 PM,54994.1319kWh,1.4619kWh,0kWh,0kWh,-,-,-,-,-,-,-,-,-,-,5.608kW,-,-,-,-,-,-
331,6/14/2026 6:00:00 PM,54995.8622kWh,1.7303kWh,0kWh,0kWh,-,-,-,-,-,-,-,-,-,-,5.608kW,-,-,-,-,-,-
332,6/14/2026 7:00:00 PM,54997.7292kWh,1.867kWh,0kWh,0kWh,-,-,-,-,-,-,-,-,-,-,5.608kW,-,-,-,-,-,-
333,6/14/2026 8:00:00 PM,54998.8863kWh,1.1571kWh,0kWh,0kWh,-,-,-,-,-,-,-,-,-,-,5.608kW,-,-,-,-,-,-
334,6/14/2026 9:00:00 PM,55000.6757kWh,1.7894kWh,0kWh,0kWh,-,-,-,-,-,-,-,-,-,-,5.608kW,-,-,-,-,-,-
335,6/14/2026 10:00:00 PM,55002.6137kWh,1.938kWh,0kWh,0kWh,-,-,-,-,-,-,-,-,-,-,5.608kW,-,-,-,-,-,-
336,6/14/2026 11:00:00 PM,55003.845kWh,1.2313kWh,0kWh,0kWh,-,-,-,-,-,-,-,-,-,-,5.608kW,-,-,-,-,-,-
337,6/15/2026,55004.5365kWh,0.6915kWh,0kWh,0kWh,-,-,-,-,-,-,-,-,-,-,5.608kW,-,-,-,-,-,-
338,6/15/2026 1:00:00 AM,55005.1769kWh,0.6404kWh,0kWh,0kWh,-,-,-,-,-,-,-,-,-,-,5.608kW,-,-,-,-,-,-
339,6/15/2026 2:00:00 AM,55005.7452kWh,0.5683kWh,0kWh,0kWh,-,-,-,-,-,-,-,-,-,-,5.608kW,-,-,-,-,-,-
340,6/15/2026 3:00:00 AM,55006.0792kWh,0.334kWh,0kWh,0kWh,-,-,-,-,-,-,-,-,-,-,5.608kW,-,-,-,-,-,-
341,6/15/2026 4:00:00 AM,55006.4351kWh,0.3559kWh,0kWh,0kWh,-,-,-,-,-,-,-,-,-,-,5.608kW,-,-,-,-,-,-
342,6/15/2026 5:00:00 AM,55007.0028kWh,0.5677kWh,0kWh,0kWh,-,-,-,-,-,-,-,-,-,-,5.608kW,-,-,-,-,-,-
343,6/15/2026 6:00:00 AM,55007.8148kWh,0.812kWh,0kWh,0kWh,-,-,-,-,-,-,-,-,-,-,5.608kW,-,-,-,-,-,-
344,6/15/2026 7:00:00 AM,55008.1773kWh,0.3625kWh,0kWh,0kWh,-,-,-,-,-,-,-,-,-,-,5.608kW,-,-,-,-,-,-
345,6/15/2026 8:00:00 AM,55008.5483kWh,0.371kWh,0kWh,0kWh,-,-,-,-,-,-,-,-,-,-,5.608kW,-,-,-,-,-,-
346,6/15/2026 9:00:00 AM,55008.9241kWh,0.3758kWh,0kWh,0kWh,-,-,-,-,-,-,-,-,-,-,5.608kW,-,-,-,-,-,-
347,6/15/2026 10:00:00 AM,55009.5292kWh,0.6051kWh,0kWh,0kWh,-,-,-,-,-,-,-,-,-,-,5.608kW,-,-,-,-,-,-
348,6/15/2026 11:00:00 AM,55010.1151kWh,0.5859kWh,0kWh,0kWh,-,-,-,-,-,-,-,-,-,-,5.608kW,-,-,-,-,-,-
349,6/15/2026 12:00:00 PM,55011.2037kWh,1.0886kWh,0kWh,0kWh,-,-,-,-,-,-,-,-,-,-,5.608kW,-,-,-,-,-,-
350,6/15/2026 1:00:00 PM,55011.7547kWh,0.551kWh,0kWh,0kWh,-,-,-,-,-,-,-,-,-,-,5.608kW,-,-,-,-,-,-
351,6/15/2026 2:00:00 PM,55012.3073kWh,0.5526kWh,0kWh,0kWh,-,-,-,-,-,-,-,-,-,-,5.608kW,-,-,-,-,-,-
352,6/15/2026 3:00:00 PM,55013.0861kWh,0.7788kWh,0kWh,0kWh,-,-,-,-,-,-,-,-,-,-,5.608kW,-,-,-,-,-,-
353,6/15/2026 4:00:00 PM,55014.9967kWh,1.9106kWh,0kWh,0kWh,-,-,-,-,-,-,-,-,-,-,5.608kW,-,-,-,-,-,-
354,6/15/2026 5:00:00 PM,55017.8457kWh,2.849kWh,0kWh,0kWh,-,-,-,-,-,-,-,-,-,-,5.608kW,-,-,-,-,-,-
355,6/15/2026 6:00:00 PM,55020.1658kWh,2.3201kWh,0kWh,0kWh,-,-,-,-,-,-,-,-,-,-,5.608kW,-,-,-,-,-,-
356,6/15/2026 7:00:00 PM,55022.4702kWh,2.3044kWh,0kWh,0kWh,-,-,-,-,-,-,-,-,-,-,5.608kW,-,-,-,-,-,-
357,6/15/2026 8:00:00 PM,55024.3317kWh,1.8615kWh,0kWh,0kWh,-,-,-,-,-,-,-,-,-,-,5.608kW,-,-,-,-,-,-
358,6/15/2026 9:00:00 PM,55027.522kWh,3.1903kWh,0kWh,0kWh,-,-,-,-,-,-,-,-,-,-,5.608kW,-,-,-,-,-,-
359,6/15/2026 10:00:00 PM,55030.6551kWh,3.1331kWh,0kWh,0kWh,-,-,-,-,-,-,-,-,-,-,5.608kW,-,-,-,-,-,-
360,6/15/2026 11:00:00 PM,55032.1068kWh,1.4517kWh,0kWh,0kWh,-,-,-,-,-,-,-,-,-,-,5.608kW,-,-,-,-,-,-
361,6/16/2026,55033.1361kWh,1.0293kWh,0kWh,0kWh,-,-,-,-,-,-,-,-,-,-,5.608kW,-,-,-,-,-,-
362,6/16/2026 1:00:00 AM,55033.8302kWh,0.6941kWh,0kWh,0kWh,-,-,-,-,-,-,-,-,-,-,5.608kW,-,-,-,-,-,-
363,6/16/2026 2:00:00 AM,55034.5162kWh,0.686kWh,0kWh,0kWh,-,-,-,-,-,-,-,-,-,-,5.608kW,-,-,-,-,-,-
364,6/16/2026 3:00:00 AM,55035.1365kWh,0.6203kWh,0kWh,0kWh,-,-,-,-,-,-,-,-,-,-,5.608kW,-,-,-,-,-,-
365,6/16/2026 4:00:00 AM,55035.7323kWh,0.5958kWh,0kWh,0kWh,-,-,-,-,-,-,-,-,-,-,5.608kW,-,-,-,-,-,-
366,6/16/2026 5:00:00 AM,55036.4948kWh,0.7625kWh,0kWh,0kWh,-,-,-,-,-,-,-,-,-,-,5.608kW,-,-,-,-,-,-
367,6/16/2026 6:00:00 AM,55037.2369kWh,0.7421kWh,0kWh,0kWh,-,-,-,-,-,-,-,-,-,-,5.608kW,-,-,-,-,-,-
368,6/16/2026 7:00:00 AM,55037.626kWh,0.3891kWh,0kWh,0kWh,-,-,-,-,-,-,-,-,-,-,5.608kW,-,-,-,-,-,-
369,6/16/2026 8:00:00 AM,55038.0271kWh,0.4011kWh,0kWh,0kWh,-,-,-,-,-,-,-,-,-,-,5.608kW,-,-,-,-,-,-
370,6/16/2026 9:00:00 AM,55038.5971kWh,0.57kWh,0kWh,0kWh,-,-,-,-,-,-,-,-,-,-,5.608kW,-,-,-,-,-,-
371,6/16/2026 10:00:00 AM,55039.2829kWh,0.6858kWh,0kWh,0kWh,-,-,-,-,-,-,-,-,-,-,5.608kW,-,-,-,-,-,-
372,6/16/2026 11:00:00 AM,55040.566kWh,1.2831kWh,0kWh,0kWh,-,-,-,-,-,-,-,-,-,-,5.608kW,-,-,-,-,-,-
373,6/16/2026 12:00:00 PM,55041.2997kWh,0.7337kWh,0kWh,0kWh,-,-,-,-,-,-,-,-,-,-,5.608kW,-,-,-,-,-,-
374,6/16/2026 1:00:00 PM,55042.0744kWh,0.7747kWh,0kWh,0kWh,-,-,-,-,-,-,-,-,-,-,5.608kW,-,-,-,-,-,-
375,6/16/2026 2:00:00 PM,55042.8417kWh,0.7673kWh,0kWh,0kWh,-,-,-,-,-,-,-,-,-,-,5.608kW,-,-,-,-,-,-
376,6/16/2026 3:00:00 PM,55044.0326kWh,1.1909kWh,0kWh,0kWh,-,-,-,-,-,-,-,-,-,-,5.608kW,-,-,-,-,-,-
377,6/16/2026 4:00:00 PM,55045.6212kWh,1.5886kWh,0kWh,0kWh,-,-,-,-,-,-,-,-,-,-,5.608kW,-,-,-,-,-,-
378,6/16/2026 5:00:00 PM,55047.4023kWh,1.7811kWh,0kWh,0kWh,-,-,-,-,-,-,-,-,-,-,5.608kW,-,-,-,-,-,-
379,6/16/2026 6:00:00 PM,55048.9665kWh,1.5642kWh,0kWh,0kWh,-,-,-,-,-,-,-,-,-,-,5.608kW,-,-,-,-,-,-
380,6/16/2026 7:00:00 PM,55050.7261kWh,1.7596kWh,0kWh,0kWh,-,-,-,-,-,-,-,-,-,-,5.608kW,-,-,-,-,-,-
381,6/16/2026 8:00:00 PM,55051.9906kWh,1.2645kWh,0kWh,0kWh,-,-,-,-,-,-,-,-,-,-,5.608kW,-,-,-,-,-,-
382,6/16/2026 9:00:00 PM,55054.6137kWh,2.6231kWh,0kWh,0kWh,-,-,-,-,-,-,-,-,-,-,5.608kW,-,-,-,-,-,-
383,6/16/2026 10:00:00 PM,55056.9981kWh,2.3844kWh,0kWh,0kWh,-,-,-,-,-,-,-,-,-,-,5.608kW,-,-,-,-,-,-
384,6/16/2026 11:00:00 PM,55058.5278kWh,1.5297kWh,0kWh,0kWh,-,-,-,-,-,-,-,-,-,-,5.608kW,-,-,-,-,-,-
385,6/17/2026,55059.848kWh,1.3202kWh,0kWh,0kWh,-,-,-,-,-,-,-,-,-,-,5.608kW,-,-,-,-,-,-
386,6/17/2026 1:00:00 AM,55060.7386kWh,0.8906kWh,0kWh,0kWh,-,-,-,-,-,-,-,-,-,-,5.608kW,-,-,-,-,-,-
387,6/17/2026 2:00:00 AM,55061.7461kWh,1.0075kWh,0kWh,0kWh,-,-,-,-,-,-,-,-,-,-,5.608kW,-,-,-,-,-,-
388,6/17/2026 3:00:00 AM,55062.6571kWh,0.911kWh,0kWh,0kWh,-,-,-,-,-,-,-,-,-,-,5.608kW,-,-,-,-,-,-
389,6/17/2026 4:00:00 AM,55063.7747kWh,1.1176kWh,0kWh,0kWh,-,-,-,-,-,-,-,-,-,-,5.608kW,-,-,-,-,-,-
390,6/17/2026 5:00:00 AM,55065.0294kWh,1.2547kWh,0kWh,0kWh,-,-,-,-,-,-,-,-,-,-,5.608kW,-,-,-,-,-,-
391,6/17/2026 6:00:00 AM,55066.5503kWh,1.5209kWh,0kWh,0kWh,-,-,-,-,-,-,-,-,-,-,5.608kW,-,-,-,-,-,-
392,6/17/2026 7:00:00 AM,55068.0886kWh,1.5383kWh,0kWh,0kWh,-,-,-,-,-,-,-,-,-,-,5.608kW,-,-,-,-,-,-
393,6/17/2026 8:00:00 AM,55069.1781kWh,1.0895kWh,0kWh,0kWh,-,-,-,-,-,-,-,-,-,-,5.608kW,-,-,-,-,-,-
394,6/17/2026 9:00:00 AM,55070.5377kWh,1.3596kWh,0kWh,0kWh,-,-,-,-,-,-,-,-,-,-,5.608kW,-,-,-,-,-,-
395,6/17/2026 10:00:00 AM,55071.9258kWh,1.3881kWh,0kWh,0kWh,-,-,-,-,-,-,-,-,-,-,5.608kW,-,-,-,-,-,-
396,6/17/2026 11:00:00 AM,55073.3544kWh,1.4286kWh,0kWh,0kWh,-,-,-,-,-,-,-,-,-,-,5.608kW,-,-,-,-,-,-
397,6/17/2026 12:00:00 PM,55075.0137kWh,1.6593kWh,0kWh,0kWh,-,-,-,-,-,-,-,-,-,-,5.608kW,-,-,-,-,-,-
398,6/17/2026 1:00:00 PM,55076.879kWh,1.8653kWh,0kWh,0kWh,-,-,-,-,-,-,-,-,-,-,5.608kW,-,-,-,-,-,-
399,6/17/2026 2:00:00 PM,55079.7779kWh,2.8989kWh,0kWh,0kWh,-,-,-,-,-,-,-,-,-,-,5.608kW,-,-,-,-,-,-
400,6/17/2026 3:00:00 PM,55082.6009kWh,2.823kWh,0kWh,0kWh,-,-,-,-,-,-,-,-,-,-,5.608kW,-,-,-,-,-,-
401,6/17/2026 4:00:00 PM,55084.3936kWh,1.7927kWh,0kWh,0kWh,-,-,-,-,-,-,-,-,-,-,5.608kW,-,-,-,-,-,-
402,6/17/2026 5:00:00 PM,55086.126kWh,1.7324kWh,0kWh,0kWh,-,-,-,-,-,-,-,-,-,-,5.608kW,-,-,-,-,-,-
403,6/17/2026 6:00:00 PM,55087.8185kWh,1.6925kWh,0kWh,0kWh,-,-,-,-,-,-,-,-,-,-,5.608kW,-,-,-,-,-,-
404,6/17/2026 7:00:00 PM,55089.8036kWh,1.9851kWh,0kWh,0kWh,-,-,-,-,-,-,-,-,-,-,5.608kW,-,-,-,-,-,-
405,6/17/2026 8:00:00 PM,55091.357kWh,1.5534kWh,0kWh,0kWh,-,-,-,-,-,-,-,-,-,-,5.608kW,-,-,-,-,-,-
406,6/17/2026 9:00:00 PM,55093.9953kWh,2.6383kWh,0kWh,0kWh,-,-,-,-,-,-,-,-,-,-,5.608kW,-,-,-,-,-,-
407,6/17/2026 10:00:00 PM,55095.9425kWh,1.9472kWh,0kWh,0kWh,-,-,-,-,-,-,-,-,-,-,5.608kW,-,-,-,-,-,-
408,6/17/2026 11:00:00 PM,55098.2118kWh,2.2693kWh,0kWh,0kWh,-,-,-,-,-,-,-,-,-,-,5.608kW,-,-,-,-,-,-
409,6/18/2026,55099.0868kWh,0.875kWh,0kWh,0kWh,-,-,-,-,-,-,-,-,-,-,5.608kW,-,-,-,-,-,-
410,6/18/2026 1:00:00 AM,55099.7502kWh,0.6634kWh,0kWh,0kWh,-,-,-,-,-,-,-,-,-,-,5.608kW,-,-,-,-,-,-
411,6/18/2026 2:00:00 AM,55100.4039kWh,0.6537kWh,0kWh,0kWh,-,-,-,-,-,-,-,-,-,-,5.608kW,-,-,-,-,-,-
412,6/18/2026 3:00:00 AM,55101.0413kWh,0.6374kWh,0kWh,0kWh,-,-,-,-,-,-,-,-,-,-,5.608kW,-,-,-,-,-,-
413,6/18/2026 4:00:00 AM,55101.6845kWh,0.6432kWh,0kWh,0kWh,-,-,-,-,-,-,-,-,-,-,5.608kW,-,-,-,-,-,-
414,6/18/2026 5:00:00 AM,55102.2936kWh,0.6091kWh,0kWh,0kWh,-,-,-,-,-,-,-,-,-,-,5.608kW,-,-,-,-,-,-
415,6/18/2026 6:00:00 AM,55102.6846kWh,0.391kWh,0kWh,0kWh,-,-,-,-,-,-,-,-,-,-,5.608kW,-,-,-,-,-,-
416,6/18/2026 7:00:00 AM,55103.039kWh,0.3544kWh,0kWh,0kWh,-,-,-,-,-,-,-,-,-,-,5.608kW,-,-,-,-,-,-
417,6/18/2026 8:00:00 AM,55103.3758kWh,0.3368kWh,0kWh,0kWh,-,-,-,-,-,-,-,-,-,-,5.608kW,-,-,-,-,-,-
418,6/18/2026 9:00:00 AM,55103.7458kWh,0.37kWh,0kWh,0kWh,-,-,-,-,-,-,-,-,-,-,5.608kW,-,-,-,-,-,-
419,6/18/2026 10:00:00 AM,55104.2473kWh,0.5015kWh,0kWh,0kWh,-,-,-,-,-,-,-,-,-,-,5.608kW,-,-,-,-,-,-
420,6/18/2026 11:00:00 AM,55105.03kWh,0.7827kWh,0kWh,0kWh,-,-,-,-,-,-,-,-,-,-,5.608kW,-,-,-,-,-,-
421,6/18/2026 12:00:00 PM,55106.2263kWh,1.1963kWh,0kWh,0kWh,-,-,-,-,-,-,-,-,-,-,5.608kW,-,-,-,-,-,-
422,6/18/2026 1:00:00 PM,55108.7462kWh,2.5199kWh,0kWh,0kWh,-,-,-,-,-,-,-,-,-,-,5.608kW,-,-,-,-,-,-
423,6/18/2026 2:00:00 PM,55109.8663kWh,1.1201kWh,0kWh,0kWh,-,-,-,-,-,-,-,-,-,-,5.608kW,-,-,-,-,-,-
424,6/18/2026 3:00:00 PM,55111.12kWh,1.2537kWh,0kWh,0kWh,-,-,-,-,-,-,-,-,-,-,5.608kW,-,-,-,-,-,-
425,6/18/2026 4:00:00 PM,55113.1282kWh,2.0082kWh,0kWh,0kWh,-,-,-,-,-,-,-,-,-,-,5.608kW,-,-,-,-,-,-
426,6/18/2026 5:00:00 PM,55115.0449kWh,1.9167kWh,0kWh,0kWh,-,-,-,-,-,-,-,-,-,-,5.608kW,-,-,-,-,-,-
427,6/18/2026 6:00:00 PM,55117.2827kWh,2.2378kWh,0kWh,0kWh,-,-,-,-,-,-,-,-,-,-,5.608kW,-,-,-,-,-,-
428,6/18/2026 7:00:00 PM,55119.2336kWh,1.9509kWh,0kWh,0kWh,-,-,-,-,-,-,-,-,-,-,5.608kW,-,-,-,-,-,-
429,6/18/2026 8:00:00 PM,55121.2211kWh,1.9875kWh,0kWh,0kWh,-,-,-,-,-,-,-,-,-,-,5.608kW,-,-,-,-,-,-
430,6/18/2026 9:00:00 PM,55123.5487kWh,2.3276kWh,0kWh,0kWh,-,-,-,-,-,-,-,-,-,-,5.608kW,-,-,-,-,-,-
431,6/18/2026 10:00:00 PM,55125.7923kWh,2.2436kWh,0kWh,0kWh,-,-,-,-,-,-,-,-,-,-,5.608kW,-,-,-,-,-,-
432,6/18/2026 11:00:00 PM,55127.6615kWh,1.8692kWh,0kWh,0kWh,-,-,-,-,-,-,-,-,-,-,5.608kW,-,-,-,-,-,-
433,6/19/2026,55128.8486kWh,1.1871kWh,0kWh,0kWh,-,-,-,-,-,-,-,-,-,-,5.608kW,-,-,-,-,-,-
434,6/19/2026 1:00:00 AM,55130.3554kWh,1.5068kWh,0kWh,0kWh,-,-,-,-,-,-,-,-,-,-,2.469kW,-,-,-,-,-,-
435,6/19/2026 2:00:00 AM,55131.9762kWh,1.6208kWh,0kWh,0kWh,-,-,-,-,-,-,-,-,-,-,2.469kW,-,-,-,-,-,-
436,6/19/2026 3:00:00 AM,55132.4493kWh,0.4731kWh,0kWh,0kWh,-,-,-,-,-,-,-,-,-,-,2.469kW,-,-,-,-,-,-
437,6/19/2026 4:00:00 AM,55133.0705kWh,0.6212kWh,0kWh,0kWh,-,-,-,-,-,-,-,-,-,-,2.469kW,-,-,-,-,-,-
438,6/19/2026 5:00:00 AM,55133.4251kWh,0.3546kWh,0kWh,0kWh,-,-,-,-,-,-,-,-,-,-,2.469kW,-,-,-,-,-,-
439,6/19/2026 6:00:00 AM,55133.7795kWh,0.3544kWh,0kWh,0kWh,-,-,-,-,-,-,-,-,-,-,2.469kW,-,-,-,-,-,-
440,6/19/2026 7:00:00 AM,55134.2207kWh,0.4412kWh,0kWh,0kWh,-,-,-,-,-,-,-,-,-,-,2.469kW,-,-,-,-,-,-
441,6/19/2026 8:00:00 AM,55134.6697kWh,0.449kWh,0kWh,0kWh,-,-,-,-,-,-,-,-,-,-,2.469kW,-,-,-,-,-,-
442,6/19/2026 9:00:00 AM,55135.1075kWh,0.4378kWh,0kWh,0kWh,-,-,-,-,-,-,-,-,-,-,2.469kW,-,-,-,-,-,-
443,6/19/2026 10:00:00 AM,55135.6715kWh,0.564kWh,0kWh,0kWh,-,-,-,-,-,-,-,-,-,-,2.469kW,-,-,-,-,-,-
444,6/19/2026 11:00:00 AM,55137.3557kWh,1.6842kWh,0kWh,0kWh,-,-,-,-,-,-,-,-,-,-,3.248kW,-,-,-,-,-,-
445,6/19/2026 12:00:00 PM,55138.4865kWh,1.1308kWh,0kWh,0kWh,-,-,-,-,-,-,-,-,-,-,3.248kW,-,-,-,-,-,-
446,6/19/2026 1:00:00 PM,55139.7225kWh,1.236kWh,0kWh,0kWh,-,-,-,-,-,-,-,-,-,-,3.248kW,-,-,-,-,-,-
447,6/19/2026 2:00:00 PM,55141.5455kWh,1.823kWh,0kWh,0kWh,-,-,-,-,-,-,-,-,-,-,3.248kW,-,-,-,-,-,-
448,6/19/2026 3:00:00 PM,55143.495kWh,1.9495kWh,0kWh,0kWh,-,-,-,-,-,-,-,-,-,-,3.248kW,-,-,-,-,-,-
449,6/19/2026 4:00:00 PM,55145.6782kWh,2.1832kWh,0kWh,0kWh,-,-,-,-,-,-,-,-,-,-,3.248kW,-,-,-,-,-,-
450,6/19/2026 5:00:00 PM,55147.6914kWh,2.0132kWh,0kWh,0kWh,-,-,-,-,-,-,-,-,-,-,3.248kW,-,-,-,-,-,-
451,6/19/2026 6:00:00 PM,55149.4899kWh,1.7985kWh,0kWh,0kWh,-,-,-,-,-,-,-,-,-,-,3.248kW,-,-,-,-,-,-
452,6/19/2026 7:00:00 PM,55150.7854kWh,1.2955kWh,0kWh,0kWh,-,-,-,-,-,-,-,-,-,-,3.248kW,-,-,-,-,-,-
453,6/19/2026 8:00:00 PM,55152.2351kWh,1.4497kWh,0kWh,0kWh,-,-,-,-,-,-,-,-,-,-,3.248kW,-,-,-,-,-,-
454,6/19/2026 9:00:00 PM,55155.2442kWh,3.0091kWh,0kWh,0kWh,-,-,-,-,-,-,-,-,-,-,3.248kW,-,-,-,-,-,-
455,6/19/2026 10:00:00 PM,55158.137kWh,2.8928kWh,0kWh,0kWh,-,-,-,-,-,-,-,-,-,-,3.248kW,-,-,-,-,-,-
456,6/19/2026 11:00:00 PM,55159.9635kWh,1.8265kWh,0kWh,0kWh,-,-,-,-,-,-,-,-,-,-,3.248kW,-,-,-,-,-,-
457,6/20/2026,55162.2412kWh,2.2777kWh,0kWh,0kWh,-,-,-,-,-,-,-,-,-,-,3.612kW,-,-,-,-,-,-
